{
  "project_info": {
    "project_number": "581799446650",
    "project_id": "wormhole-61e65",
    "storage_bucket": "wormhole-61e65.appspot.com"
  },
  "client": [
    {
      "client_info": {
        "mobilesdk_app_id": "1:581799446650:android:4a126cafb080190f24d3c3",
        "android_client_info": {
          "package_name": "com.wrteam.flutterquiz"
        }
      },
      "oauth_client": [
        {
          "client_id": "581799446650-5dqpt5l1pvipdpecrjoea9okhro300hk.apps.googleusercontent.com",
          "client_type": 1,
          "android_info": {
            "package_name": "com.wrteam.flutterquiz",
            "certificate_hash": "6dec39586e1c48c192b90651ca19da4b19f67b30"
          }
        },
        {
          "client_id": "581799446650-mfg3mua2kg27bh9qtpgp5e0th5ade2cb.apps.googleusercontent.com",
          "client_type": 3
        }
      ],
      "api_key": [
        {
          "current_key": "AIzaSyAOx_OPRDyHmZuA3y9xZtZW0o8hReyO9GE"
        }
      ],
      "services": {
        "appinvite_service": {
          "other_platform_oauth_client": [
            {
              "client_id": "581799446650-mfg3mua2kg27bh9qtpgp5e0th5ade2cb.apps.googleusercontent.com",
              "client_type": 3
            }
          ]
        }
      }
    }
  ],
  "configuration_version": "1"
}